{"max_depth": 10, "learning_rate": 0.09998476347960479, "subsample": 0.7830200261247362, "colsample_bytree": 0.8241789825561537}