{"max_depth": 10, "learning_rate": 0.09780887423635722, "subsample": 0.8853139284870211, "colsample_bytree": 0.6097535843891249}