{"max_depth": 10, "learning_rate": 0.09713657335472, "subsample": 0.902800416912698, "colsample_bytree": 0.620543833072505}