{"max_depth": 10, "learning_rate": 0.05538596019417293, "subsample": 0.9218269413428911, "colsample_bytree": 0.706843797998494}